id,revenue
3001,19089248.0
3002,2819650.5
3003,17269976.0
3004,21053882.0
3005,11433623.0
3006,16481857.0
3007,11033544.0
3008,65939504.0
3009,35658664.0
3010,313750620.0
3011,2269240.0
3012,3672237.0
3013,51946764.0
3014,2860819.0
3015,41879504.0
3016,-1554476.9
3017,125389870.0
3018,115311910.0
3019,13368120.0
3020,950537200.0
3021,63965360.0
3022,59427450.0
3023,19686922.0
3024,31832988.0
3025,593476.1
3026,90843960.0
3027,7424787.5
3028,96914500.0
3029,13780455.0
3030,30721714.0
3031,15749629.0
3032,4413309.0
3033,1397072.6
3034,-2802833.0
3035,10344143.0
3036,8055465.0
3037,66353764.0
3038,41343444.0
3039,32028846.0
3040,5859655.5
3041,43645640.0
3042,-963496.9
3043,47724308.0
3044,7705697.5
3045,503804450.0
3046,5608393.0
3047,7844516.0
3048,32594816.0
3049,34281120.0
3050,28998092.0
3051,2774619.5
3052,18384278.0
3053,3699351.5
3054,6161310.0
3055,66597976.0
3056,2541.9023
3057,111707830.0
3058,355452830.0
3059,7491744.5
3060,102250760.0
3061,128739200.0
3062,21769504.0
3063,31307744.0
3064,105009990.0
3065,25114804.0
3066,104637750.0
3067,3340853.2
3068,78231010.0
3069,267895260.0
3070,2858732.0
3071,23014402.0
3072,558679300.0
3073,3540223.0
3074,4045602.5
3075,41627200.0
3076,164251000.0
3077,24476180.0
3078,133225900.0
3079,57988450.0
3080,127491040.0
3081,55170280.0
3082,17980166.0
3083,8355893.0
3084,1902451.9
3085,41727964.0
3086,94195496.0
3087,-3383031.5
3088,12160309.0
3089,847595.9
3090,40487700.0
3091,30647522.0
3092,6801010.5
3093,223080420.0
3094,109921810.0
3095,82221660.0
3096,4758642.5
3097,980575940.0
3098,35345228.0
3099,75622420.0
3100,-1030656.25
3101,18754840.0
3102,5574560.0
3103,6786918.5
3104,7030788.0
3105,85451780.0
3106,60866290.0
3107,34916504.0
3108,23860586.0
3109,3231544.5
3110,295986750.0
3111,9548219.0
3112,-2363564.5
3113,28104732.0
3114,39978770.0
3115,78947210.0
3116,10632225.0
3117,1680206.5
3118,7148291.5
3119,271140480.0
3120,223417730.0
3121,14443951.0
3122,17808672.0
3123,22847802.0
3124,818298.5
3125,4015470.5
3126,45470984.0
3127,10439503.0
3128,34550144.0
3129,520239400.0
3130,11850643.0
3131,-4682846.5
3132,5745858.5
3133,8496575.0
3134,9233936.0
3135,14280387.0
3136,5406182.5
3137,173146000.0
3138,4174599.0
3139,30706716.0
3140,61552184.0
3141,18339092.0
3142,5736736.5
3143,190060750.0
3144,24073440.0
3145,19006372.0
3146,4075336.8
3147,46932220.0
3148,15577401.0
3149,94647080.0
3150,144433390.0
3151,6983246.5
3152,17880312.0
3153,15568252.0
3154,18372068.0
3155,23694714.0
3156,15809345.0
3157,25341152.0
3158,153101780.0
3159,5770371.0
3160,17662288.0
3161,1529087.1
3162,-4566850.5
3163,168153540.0
3164,1902451.9
3165,684032.9
3166,1632780.1
3167,96227416.0
3168,4871090.5
3169,39527904.0
3170,41430320.0
3171,26009830.0
3172,72550190.0
3173,3545671.5
3174,684032.9
3175,13202993.0
3176,66988184.0
3177,117337650.0
3178,2990745.5
3179,6930682.5
3180,16091447.0
3181,1523165.0
3182,310952450.0
3183,67752056.0
3184,43470188.0
3185,83015880.0
3186,108816850.0
3187,10824133.0
3188,15873345.0
3189,102147416.0
3190,49436210.0
3191,14349247.0
3192,17561914.0
3193,646849400.0
3194,94533190.0
3195,1807091.9
3196,18032730.0
3197,17213038.0
3198,175181440.0
3199,336954660.0
3200,19763940.0
3201,25524486.0
3202,4652561.0
3203,4758642.5
3204,8426590.0
3205,8155156.5
3206,6666424.0
3207,40312484.0
3208,11606131.0
3209,4130174.8
3210,626831500.0
3211,5015321.5
3212,31999120.0
3213,62243236.0
3214,5348593.5
3215,2315331.8
3216,13661940.0
3217,448997470.0
3218,11763873.0
3219,927859.9
3220,110004210.0
3221,21098278.0
3222,18637818.0
3223,19938788.0
3224,34819412.0
3225,14673244.0
3226,15945789.0
3227,89437540.0
3228,280574850.0
3229,117608650.0
3230,60267950.0
3231,25655758.0
3232,18231454.0
3233,16671770.0
3234,4348608.0
3235,10619650.0
3236,2701690.5
3237,24914792.0
3238,7326049.5
3239,26594476.0
3240,312030000.0
3241,6101877.5
3242,10234041.0
3243,4045602.5
3244,0.0
3245,14705229.0
3246,153159700.0
3247,30086998.0
3248,57096810.0
3249,82314070.0
3250,448893950.0
3251,4412391.5
3252,14858043.0
3253,64775724.0
3254,4917770.5
3255,1680206.5
3256,72779464.0
3257,19067824.0
3258,46572944.0
3259,53641884.0
3260,2044612.5
3261,1048853800.0
3262,45762280.0
3263,18814980.0
3264,2990745.5
3265,2827183.0
3266,3699351.5
3267,46705988.0
3268,2827183.0
3269,104887224.0
3270,60454284.0
3271,5358923.5
3272,42908750.0
3273,209199570.0
3274,669558400.0
3275,24013388.0
3276,984656.4
3277,6434462.5
3278,117091460.0
3279,35686784.0
3280,275967200.0
3281,3761677.0
3282,8128393.5
3283,313174100.0
3284,54653348.0
3285,64803600.0
3286,4201967.0
3287,9255397.0
3288,19664584.0
3289,90150390.0
3290,66105810.0
3291,54647580.0
3292,313302620.0
3293,82304520.0
3294,18181058.0
3295,46849124.0
3296,4917770.5
3297,3257047.0
3298,107885760.0
3299,90003.81
3300,41191160.0
3301,3699351.5
3302,51948520.0
3303,-1488462.8
3304,9261492.0
3305,101616460.0
3306,1301713.1
3307,52106604.0
3308,49273732.0
3309,2867077.0
3310,4615412.5
3311,17942812.0
3312,38828932.0
3313,68050310.0
3314,17644516.0
3315,92453730.0
3316,21370460.0
3317,6983246.5
3318,29429020.0
3319,5416610.5
3320,6718630.0
3321,8364258.0
3322,2467400.5
3323,131602050.0
3324,4790595.5
3325,103075890.0
3326,176729660.0
3327,83062344.0
3328,38814010.0
3329,6479969.5
3330,118712024.0
3331,11790033.0
3332,-1909482.1
3333,464981900.0
3334,17226600.0
3335,54888060.0
3336,15146693.0
3337,1648657.5
3338,12901569.0
3339,3545671.5
3340,89391200.0
3341,14157636.0
3342,59410056.0
3343,43211012.0
3344,715580.9
3345,13666191.0
3346,25064342.0
3347,-7412095.0
3348,43926644.0
3349,65564880.0
3350,212766050.0
3351,47129916.0
3352,5591834.5
3353,99665450.0
3354,19149992.0
3355,6750133.5
3356,33644030.0
3357,3672237.0
3358,35927924.0
3359,38682696.0
3360,10490063.0
3361,164994320.0
3362,10434403.0
3363,18535630.0
3364,37986164.0
3365,2827183.0
3366,98340984.0
3367,246704580.0
3368,6158620.5
3369,48291628.0
3370,75192616.0
3371,30205718.0
3372,46568270.0
3373,98327510.0
3374,10920687.0
3375,90719940.0
3376,24717890.0
3377,19490738.0
3378,11213001.0
3379,224075280.0
3380,58005172.0
3381,4132971.2
3382,1397072.6
3383,4227163.0
3384,63477628.0
3385,86849230.0
3386,5591834.5
3387,11002285.0
3388,118930230.0
3389,1382583300.0
3390,16063951.0
3391,23959652.0
3392,10189161.0
3393,9590651.0
3394,114277864.0
3395,138453460.0
3396,12768943.0
3397,684032.9
3398,366686370.0
3399,88524920.0
3400,8478102.0
3401,9011375.0
3402,3699351.5
3403,69708450.0
3404,14507353.0
3405,25986972.0
3406,206482200.0
3407,148576500.0
3408,50375460.0
3409,10419367.0
3410,47614060.0
3411,86826350.0
3412,20746182.0
3413,120531450.0
3414,17567992.0
3415,6635319.5
3416,93929990.0
3417,61956148.0
3418,71996540.0
3419,365195970.0
3420,3212200.0
3421,10620805.0
3422,38830544.0
3423,383366400.0
3424,10859811.0
3425,3699351.5
3426,20960868.0
3427,25396476.0
3428,1902451.9
3429,31809566.0
3430,1081941600.0
3431,1902451.9
3432,9728844.0
3433,13121346.0
3434,23084860.0
3435,363250100.0
3436,232307100.0
3437,2847888.0
3438,40592724.0
3439,74164640.0
3440,70103700.0
3441,77093680.0
3442,15161005.0
3443,2146766.5
3444,1732464.1
3445,75314010.0
3446,715580.9
3447,10649448.0
3448,44563684.0
3449,9918891.0
3450,85024330.0
3451,41055336.0
3452,28379936.0
3453,38099732.0
3454,48082004.0
3455,4875925.5
3456,169437150.0
3457,30850024.0
3458,17898930.0
3459,654908540.0
3460,33892790.0
3461,6183679.5
3462,11486096.0
3463,61681836.0
3464,935057.9
3465,41225450.0
3466,28726172.0
3467,9962253.0
3468,129613350.0
3469,20478342.0
3470,995354.75
3471,86345280.0
3472,2076161.4
3473,92788590.0
3474,109961590.0
3475,449904800.0
3476,4758642.5
3477,32843756.0
3478,12269200.0
3479,198599980.0
3480,6983246.5
3481,4917770.5
3482,11011592.0
3483,7249522.5
3484,2774619.5
3485,91610040.0
3486,137828780.0
3487,68942856.0
3488,138516620.0
3489,17723284.0
3490,46195260.0
3491,15554621.0
3492,5019652.5
3493,43112956.0
3494,29650934.0
3495,83972070.0
3496,11743868.0
3497,54230868.0
3498,31672080.0
3499,21316718.0
3500,593476.1
3501,76347250.0
3502,32747352.0
3503,26051446.0
3504,67234920.0
3505,4186055.0
3506,124830660.0
3507,311475420.0
3508,7491744.5
3509,31792420.0
3510,21053882.0
3511,57650772.0
3512,167016180.0
3513,10664227.0
3514,24414236.0
3515,17582640.0
3516,12768981.0
3517,757485300.0
3518,46882292.0
3519,55307440.0
3520,4758642.5
3521,2541.9023
3522,23809634.0
3523,10962889.0
3524,65098196.0
3525,146104560.0
3526,144139780.0
3527,27638822.0
3528,20507378.0
3529,425245380.0
3530,46492090.0
3531,56424920.0
3532,40550972.0
3533,28624452.0
3534,20895190.0
3535,260133010.0
3536,10547523.0
3537,80053730.0
3538,141374560.0
3539,37439624.0
3540,20237968.0
3541,14884611.0
3542,48037910.0
3543,-7917428.5
3544,95847190.0
3545,2044612.5
3546,6337314.0
3547,193134030.0
3548,419802620.0
3549,8681857.0
3550,143744900.0
3551,103787816.0
3552,55311644.0
3553,89241520.0
3554,132924296.0
3555,169450450.0
3556,56730692.0
3557,21745704.0
3558,199398340.0
3559,40900784.0
3560,12753589.0
3561,104547816.0
3562,12901660.0
3563,23528920.0
3564,2242126.0
3565,5785256.5
3566,43456010.0
3567,20736802.0
3568,14252643.0
3569,114745864.0
3570,2620939.0
3571,58960264.0
3572,101152350.0
3573,4168671.0
3574,30383554.0
3575,15767305.0
3576,27766308.0
3577,21191228.0
3578,72952950.0
3579,51256876.0
3580,23866540.0
3581,99746250.0
3582,187018610.0
3583,-841438.0
3584,88814040.0
3585,54148452.0
3586,40582440.0
3587,13126029.0
3588,2889666.0
3589,64964012.0
3590,17533618.0
3591,439342800.0
3592,4890656.5
3593,2858732.0
3594,25053014.0
3595,29808828.0
3596,29148976.0
3597,6316944.5
3598,51716280.0
3599,9547199.0
3600,4741556.0
3601,2956179.0
3602,4790710.0
3603,66569332.0
3604,6317747.5
3605,63503680.0
3606,5143820.5
3607,32279072.0
3608,180990260.0
3609,23689184.0
3610,44034470.0
3611,3973619.5
3612,20354856.0
3613,15819123.0
3614,145272930.0
3615,47444136.0
3616,29630586.0
3617,73349920.0
3618,109606820.0
3619,-88015.44
3620,151075300.0
3621,186704000.0
3622,636154300.0
3623,109607180.0
3624,1523165.0
3625,13159050.0
3626,24752814.0
3627,66166330.0
3628,451012450.0
3629,17559696.0
3630,-2119199.5
3631,102146730.0
3632,18124812.0
3633,88064264.0
3634,4077152.2
3635,6283435.5
3636,43426916.0
3637,6273325.5
3638,37839364.0
3639,110407864.0
3640,258788370.0
3641,14184701.0
3642,2205457.2
3643,13688350.0
3644,46807356.0
3645,23181144.0
3646,9449747.0
3647,38756140.0
3648,-1370866.9
3649,17666876.0
3650,17689522.0
3651,375738200.0
3652,26166256.0
3653,267467940.0
3654,12735177.0
3655,-20503544.0
3656,6801659.5
3657,2827183.0
3658,4045602.5
3659,170377040.0
3660,286632420.0
3661,26225226.0
3662,54650704.0
3663,480861660.0
3664,1902451.9
3665,1460840.9
3666,5849510.5
3667,196708530.0
3668,62060964.0
3669,2424499.5
3670,61482452.0
3671,35244370.0
3672,3619673.5
3673,238375200.0
3674,4026895.2
3675,337403070.0
3676,121107500.0
3677,13235451.0
3678,27965534.0
3679,45927260.0
3680,5490754.5
3681,31859370.0
3682,150120860.0
3683,3487659.0
3684,87708424.0
3685,194870480.0
3686,31526408.0
3687,124175430.0
3688,10007410.0
3689,3705873.0
3690,86547710.0
3691,2889666.0
3692,2084012.4
3693,63912500.0
3694,122300616.0
3695,86806480.0
3696,42982520.0
3697,22771640.0
3698,31013614.0
3699,9236959.0
3700,21890372.0
3701,48778852.0
3702,684032.9
3703,109053190.0
3704,58283324.0
3705,24958446.0
3706,84291560.0
3707,588673.0
3708,26030182.0
3709,225702500.0
3710,10851918.0
3711,4758642.5
3712,30074224.0
3713,32391658.0
3714,-421487.2
3715,87355850.0
3716,13099138.0
3717,1301713.1
3718,18637448.0
3719,115781580.0
3720,10340564.0
3721,2827183.0
3722,66230904.0
3723,1153204.6
3724,21145260.0
3725,32965426.0
3726,19307362.0
3727,92560230.0
3728,229689980.0
3729,9826459.0
3730,113388370.0
3731,140338180.0
3732,9441179.0
3733,229639140.0
3734,226132940.0
3735,38283356.0
3736,29051850.0
3737,12191877.0
3738,2858732.0
3739,22897944.0
3740,23553908.0
3741,15510293.0
3742,76410560.0
3743,67329660.0
3744,132631690.0
3745,40402790.0
3746,157557550.0
3747,715580.9
3748,17193542.0
3749,-8264933.5
3750,13102763.0
3751,10620805.0
3752,847595.9
3753,13648771.0
3754,62332184.0
3755,62469772.0
3756,32795016.0
3757,264741860.0
3758,97860860.0
3759,6006517.5
3760,186954670.0
3761,47972516.0
3762,236107330.0
3763,36327252.0
3764,43392388.0
3765,5445581.5
3766,13866281.0
3767,26063070.0
3768,11434222.0
3769,2774619.5
3770,7457808.0
3771,41162076.0
3772,5521996.5
3773,44446000.0
3774,12781369.0
3775,182665740.0
3776,67734170.0
3777,2525260.5
3778,2541.9023
3779,25392132.0
3780,1436337.5
3781,27420056.0
3782,3642104.5
3783,22907818.0
3784,13061968.0
3785,560628400.0
3786,4512859.5
3787,205018660.0
3788,551211260.0
3789,24828164.0
3790,4227163.0
3791,6334210.5
3792,684032.9
3793,2066015.1
3794,6251236.5
3795,902902660.0
3796,18535986.0
3797,13850487.0
3798,74625384.0
3799,23935544.0
3800,68349336.0
3801,78614880.0
3802,593476.1
3803,27492820.0
3804,4686660.0
3805,11809951.0
3806,154737070.0
3807,6345118.5
3808,-2780429.0
3809,32898014.0
3810,15705047.0
3811,68232936.0
3812,16806776.0
3813,8075948.0
3814,2747505.0
3815,134278130.0
3816,127761040.0
3817,233623710.0
3818,77523990.0
3819,116815170.0
3820,78976110.0
3821,227936080.0
3822,15617503.0
3823,17177150.0
3824,9939763.0
3825,25485174.0
3826,107912220.0
3827,83145176.0
3828,6203977.5
3829,0.0
3830,51214584.0
3831,5445581.5
3832,159603170.0
3833,59356600.0
3834,12994475.0
3835,1902451.9
3836,2757652.0
3837,23487334.0
3838,51045644.0
3839,6015989.0
3840,36394376.0
3841,5680749.5
3842,12562077.0
3843,43112956.0
3844,7003674.5
3845,684032.9
3846,2867077.0
3847,2827183.0
3848,2606390.0
3849,72659496.0
3850,20372390.0
3851,68101260.0
3852,7483723.0
3853,144846100.0
3854,4227163.0
3855,8012905.5
3856,20795778.0
3857,657032960.0
3858,487885.3
3859,18877784.0
3860,25707946.0
3861,39365948.0
3862,1777606.8
3863,87239030.0
3864,49171016.0
3865,124176180.0
3866,2308702.0
3867,68746540.0
3868,3845723.2
3869,79928790.0
3870,93095144.0
3871,663825900.0
3872,10627210.0
3873,48716690.0
3874,-8323.129
3875,79206970.0
3876,4917770.5
3877,54243988.0
3878,154193010.0
3879,418301380.0
3880,27447850.0
3881,2827183.0
3882,12137237.0
3883,16047156.0
3884,472984100.0
3885,15846207.0
3886,35680370.0
3887,27477420.0
3888,4130174.8
3889,142723230.0
3890,133323780.0
3891,4917770.5
3892,9065619.0
3893,505034600.0
3894,128088680.0
3895,37062644.0
3896,50377100.0
3897,21065360.0
3898,43809950.0
3899,794286850.0
3900,136170480.0
3901,29817318.0
3902,3017115.0
3903,9228283.0
3904,6707955.5
3905,17224096.0
3906,130418080.0
3907,4130174.8
3908,14364957.0
3909,15800306.0
3910,18408624.0
3911,4917770.5
3912,14854375.0
3913,89902720.0
3914,18077252.0
3915,257391500.0
3916,1301713.1
3917,5358923.5
3918,4848239.5
3919,70193144.0
3920,50301720.0
3921,-10527895.0
3922,19274184.0
3923,57800376.0
3924,-6506707.0
3925,265414190.0
3926,-1554476.9
3927,86633480.0
3928,119362540.0
3929,49254160.0
3930,13526914.0
3931,24373588.0
3932,6196444.5
3933,18363094.0
3934,74624950.0
3935,4412391.5
3936,15826615.0
3937,137586320.0
3938,17297826.0
3939,51363876.0
3940,36833670.0
3941,23462836.0
3942,281828320.0
3943,649985900.0
3944,11874955.0
3945,34900130.0
3946,4015470.5
3947,91447420.0
3948,9219081.0
3949,13427709.0
3950,2069869.9
3951,11131783.0
3952,51372396.0
3953,67645320.0
3954,501626850.0
3955,15326145.0
3956,128608280.0
3957,5494882.0
3958,5574560.0
3959,4135200.2
3960,4890656.5
3961,44415084.0
3962,8347130.5
3963,37775570.0
3964,991658240.0
3965,214673540.0
3966,43507228.0
3967,349084830.0
3968,42907780.0
3969,-746161.1
3970,69712840.0
3971,15226279.0
3972,30549550.0
3973,47369092.0
3974,10288144.0
3975,237660600.0
3976,62618044.0
3977,107620700.0
3978,151544590.0
3979,13462859.0
3980,-2121341.5
3981,1397072.6
3982,7665148.0
3983,96300184.0
3984,81966060.0
3985,4303577.0
3986,973370100.0
3987,-6536470.5
3988,18624578.0
3989,26657210.0
3990,65563360.0
3991,8804847.0
3992,12783705.0
3993,-430575.2
3994,47544610.0
3995,40313692.0
3996,73663840.0
3997,15017693.0
3998,117574440.0
3999,7422924.5
4000,56538910.0
4001,3502951.0
4002,258771790.0
4003,-3793919.8
4004,70697680.0
4005,6273325.5
4006,89799750.0
4007,1902451.9
4008,13378642.0
4009,80543150.0
4010,7673305.0
4011,62044132.0
4012,231780020.0
4013,95910690.0
4014,2827183.0
4015,61214696.0
4016,25571322.0
4017,14157591.0
4018,101967580.0
4019,216487650.0
4020,44749370.0
4021,102223130.0
4022,18461828.0
4023,212477650.0
4024,20856754.0
4025,2827183.0
4026,62727204.0
4027,69225350.0
4028,1397072.6
4029,2541.9023
4030,28940276.0
4031,82472600.0
4032,593476.1
4033,4227163.0
4034,-2802833.0
4035,92146530.0
4036,3098806.5
4037,12578511.0
4038,5583953.5
4039,23694032.0
4040,3110083.0
4041,2960614.0
4042,40702224.0
4043,6991813.5
4044,90313144.0
4045,175616580.0
4046,10764997.0
4047,573376000.0
4048,13099007.0
4049,3540223.0
4050,330248.62
4051,432954140.0
4052,20905666.0
4053,14993429.0
4054,2990745.5
4055,15013502.0
4056,16228913.0
4057,3448683.5
4058,24681584.0
4059,6550477.0
4060,56036244.0
4061,293318600.0
4062,52207340.0
4063,16707166.0
4064,417556800.0
4065,94677384.0
4066,8330663.0
4067,67727870.0
4068,17851168.0
4069,38922400.0
4070,33902300.0
4071,11182675.0
4072,14673244.0
4073,209850500.0
4074,2361697.5
4075,9644776.0
4076,38308870.0
4077,179908130.0
4078,13768551.0
4079,86141060.0
4080,9063995.0
4081,5603696.5
4082,200800500.0
4083,85943900.0
4084,4633845.0
4085,38617700.0
4086,120044850.0
4087,56653976.0
4088,39105196.0
4089,23772346.0
4090,3540223.0
4091,85096456.0
4092,61138300.0
4093,46393460.0
4094,16459783.0
4095,179778980.0
4096,10294803.0
4097,46020824.0
4098,12432395.0
4099,15005331.0
4100,76234184.0
4101,21535904.0
4102,7633905.5
4103,37982370.0
4104,626035.5
4105,2615491.0
4106,2520826.0
4107,5812370.5
4108,58799940.0
4109,9294370.0
4110,24610554.0
4111,8890509.0
4112,33541656.0
4113,1648657.5
4114,221603710.0
4115,11675770.0
4116,48933884.0
4117,6475864.5
4118,39473776.0
4119,79797480.0
4120,2774619.5
4121,6273325.5
4122,199498290.0
4123,19081716.0
4124,44164588.0
4125,9772245.0
4126,20125786.0
4127,4045602.5
4128,24251416.0
4129,25515874.0
4130,30610416.0
4131,135549620.0
4132,130628120.0
4133,21453086.0
4134,13278527.0
4135,9576553.0
4136,981058240.0
4137,5677805.5
4138,32683916.0
4139,39482420.0
4140,7656292.0
4141,29906454.0
4142,70658760.0
4143,184856800.0
4144,3339097.0
4145,36249784.0
4146,11101649.0
4147,2956179.0
4148,117461280.0
4149,-709423.25
4150,2269240.0
4151,6313219.0
4152,-1144806.4
4153,13709686.0
4154,1483431.1
4155,18973624.0
4156,9039524.0
4157,5904985.5
4158,16999662.0
4159,96308670.0
4160,513833200.0
4161,27021672.0
4162,55153740.0
4163,128079550.0
4164,12783985.0
4165,4045602.5
4166,2205457.2
4167,247181010.0
4168,1192899.0
4169,13061968.0
4170,13848925.0
4171,114836920.0
4172,83769870.0
4173,7009929.0
4174,5358923.5
4175,4708615.5
4176,26149866.0
4177,919739.9
4178,457860640.0
4179,8358033.0
4180,164376210.0
4181,19435690.0
4182,3642104.5
4183,79212010.0
4184,31382422.0
4185,4108085.8
4186,5401401.5
4187,58666320.0
4188,32424958.0
4189,2185585.5
4190,2827183.0
4191,13061968.0
4192,2541.9023
4193,145466690.0
4194,133396010.0
4195,-4955705.5
4196,-9622553.0
4197,30112658.0
4198,7673305.0
4199,36467100.0
4200,123110130.0
4201,88652480.0
4202,148136770.0
4203,4717267.0
4204,80307620.0
4205,20044790.0
4206,29671146.0
4207,352362020.0
4208,356779040.0
4209,98795704.0
4210,137976690.0
4211,56565660.0
4212,318675100.0
4213,1832293.6
4214,26335758.0
4215,-1957778.1
4216,5762824.5
4217,835335.6
4218,104849870.0
4219,17049320.0
4220,33087928.0
4221,684032.9
4222,4045602.5
4223,70148970.0
4224,2401254.0
4225,34875140.0
4226,25161686.0
4227,36397924.0
4228,684032.9
4229,56321776.0
4230,48170076.0
4231,20912676.0
4232,8528761.0
4233,101703360.0
4234,78605576.0
4235,8353861.0
4236,7665418.5
4237,14109995.0
4238,53686440.0
4239,138335800.0
4240,304294820.0
4241,152084270.0
4242,26336474.0
4243,2520131.5
4244,88011384.0
4245,3973619.5
4246,1438530.4
4247,45085730.0
4248,6983246.5
4249,60276624.0
4250,31280062.0
4251,19023772.0
4252,122039170.0
4253,118661110.0
4254,40428012.0
4255,110308070.0
4256,424757340.0
4257,127590456.0
4258,42805696.0
4259,19722976.0
4260,144021620.0
4261,13636121.0
4262,1408397.9
4263,7265660.5
4264,511009120.0
4265,30303162.0
4266,-7582516.0
4267,12633113.0
4268,21809566.0
4269,6629464.0
4270,518047420.0
4271,84099176.0
4272,2858732.0
4273,30805296.0
4274,35088630.0
4275,13507921.0
4276,31026000.0
4277,101019960.0
4278,12545178.0
4279,74602400.0
4280,3540223.0
4281,-1643952.5
4282,86047120.0
4283,8921004.0
4284,5745858.5
4285,-373340.62
4286,466254430.0
4287,47070124.0
4288,48318940.0
4289,30148056.0
4290,75144450.0
4291,6748572.5
4292,3465993.0
4293,22048380.0
4294,130531380.0
4295,110593760.0
4296,39634920.0
4297,108709350.0
4298,10188970.0
4299,56272436.0
4300,140854030.0
4301,12582654.0
4302,643309.4
4303,83057630.0
4304,20785606.0
4305,44815004.0
4306,59878776.0
4307,4227163.0
4308,2520826.0
4309,30213262.0
4310,11325317.0
4311,3712131.0
4312,149528000.0
4313,230112560.0
4314,4147485.2
4315,208435940.0
4316,294957900.0
4317,7030788.0
4318,14434495.0
4319,715580.9
4320,9286699.0
4321,75265496.0
4322,16583052.0
4323,16731350.0
4324,11373399.0
4325,7938673.5
4326,47314076.0
4327,180469170.0
4328,3000669.8
4329,4413309.0
4330,1199464000.0
4331,88421470.0
4332,65549428.0
4333,7026608.5
4334,83022640.0
4335,116287280.0
4336,43407040.0
4337,1397072.6
4338,240942020.0
4339,110666060.0
4340,21213138.0
4341,14990261.0
4342,21089914.0
4343,25122004.0
4344,4258712.0
4345,23291400.0
4346,61629424.0
4347,86847580.0
4348,4227163.0
4349,220294960.0
4350,21799294.0
4351,174451180.0
4352,8128393.5
4353,106935180.0
4354,28174002.0
4355,31217758.0
4356,-28249.727
4357,168114820.0
4358,158346600.0
4359,129067190.0
4360,95630690.0
4361,71321520.0
4362,6220761.5
4363,73176590.0
4364,71081200.0
4365,5603696.5
4366,33481326.0
4367,90711040.0
4368,346816320.0
4369,23607072.0
4370,113880410.0
4371,132618440.0
4372,19717936.0
4373,5373843.5
4374,49753724.0
4375,4045602.5
4376,3540223.0
4377,22928444.0
4378,127632720.0
4379,124711380.0
4380,63611680.0
4381,91514220.0
4382,386406240.0
4383,149909300.0
4384,52087300.0
4385,3448683.5
4386,190126770.0
4387,90583224.0
4388,54226410.0
4389,379868450.0
4390,3754291.0
4391,625024.75
4392,126880664.0
4393,87105016.0
4394,32988990.0
4395,39600880.0
4396,84136450.0
4397,30750224.0
4398,120329480.0
4399,2375165.5
4400,8448351.0
4401,26959386.0
4402,23961380.0
4403,25569554.0
4404,37963044.0
4405,28183238.0
4406,-25638210.0
4407,3130389.0
4408,-5036540.0
4409,9331863.0
4410,5803267.5
4411,29786376.0
4412,88355710.0
4413,88061704.0
4414,6103548.5
4415,-5615204.0
4416,-440333.06
4417,173169710.0
4418,6031103.5
4419,55494788.0
4420,490310800.0
4421,4005168.5
4422,17542006.0
4423,8644208.0
4424,1560635.1
4425,19582060.0
4426,16833980.0
4427,84408180.0
4428,4187764.0
4429,6278350.5
4430,-1266541.0
4431,715580.9
4432,225818200.0
4433,317678500.0
4434,705991360.0
4435,21059888.0
4436,103037790.0
4437,11311671.0
4438,13022777.0
4439,11880587.0
4440,-18561690.0
4441,19690342.0
4442,8009950.5
4443,2990745.5
4444,47546772.0
4445,22729820.0
4446,3813908.5
4447,163119170.0
4448,4075778.8
4449,10440807.0
4450,129463320.0
4451,510350750.0
4452,35601300.0
4453,-709423.25
4454,1185023.2
4455,12332494.0
4456,65452750.0
4457,11914992.0
4458,15677011.0
4459,117168264.0
4460,14884611.0
4461,88742140.0
4462,39492212.0
4463,3629820.0
4464,65053330.0
4465,11161413.0
4466,4140538.2
4467,19423662.0
4468,-874970.4
4469,30421256.0
4470,34571270.0
4471,4005168.5
4472,125791920.0
4473,19660292.0
4474,14436453.0
4475,7003674.5
4476,4130174.8
4477,49233948.0
4478,35988620.0
4479,2606390.0
4480,81318280.0
4481,27743988.0
4482,15923653.0
4483,8039003.5
4484,12482361.0
4485,85520590.0
4486,62351890.0
4487,16133555.0
4488,61604510.0
4489,33296874.0
4490,0.0
4491,141012000.0
4492,23625428.0
4493,97253940.0
4494,6339311.5
4495,26926206.0
4496,73506160.0
4497,10004149.0
4498,51354856.0
4499,-1549674.4
4500,127079270.0
4501,90094180.0
4502,18356380.0
4503,399136320.0
4504,5182879.0
4505,4579191.5
4506,90887740.0
4507,-2780429.0
4508,5122508.5
4509,2827183.0
4510,15021823.0
4511,141329380.0
4512,4130174.8
4513,50098200.0
4514,20113712.0
4515,193769360.0
4516,2594053.5
4517,13907395.0
4518,195948180.0
4519,129692904.0
4520,9312985.0
4521,41826576.0
4522,48254480.0
4523,43458980.0
4524,15453489.0
4525,31513078.0
4526,8324104.0
4527,61688196.0
4528,7828300.5
4529,9024846.0
4530,18911946.0
4531,9603331.0
4532,16828940.0
4533,34790400.0
4534,5002685.5
4535,79632100.0
4536,12000704.0
4537,53190230.0
4538,47192860.0
4539,8531345.0
4540,108118300.0
4541,15250125.0
4542,42390130.0
4543,73103450.0
4544,6655520.0
4545,684032.9
4546,684032.9
4547,13093518.0
4548,-4375890.0
4549,6317747.5
4550,15158999.0
4551,931927300.0
4552,60216330.0
4553,31207694.0
4554,701898400.0
4555,8426590.0
4556,58979130.0
4557,24499912.0
4558,33857188.0
4559,58065770.0
4560,81339720.0
4561,44515436.0
4562,684032.9
4563,275792060.0
4564,-188864.73
4565,303112.7
4566,34586844.0
4567,84028920.0
4568,9117198.0
4569,25383894.0
4570,23921358.0
4571,8478102.0
4572,10769123.0
4573,26069348.0
4574,684032.9
4575,684032.9
4576,20514232.0
4577,3446640.0
4578,25571322.0
4579,2042756.0
4580,61732276.0
4581,3349085.0
4582,53831836.0
4583,256708780.0
4584,11502583.0
4585,149483970.0
4586,13466535.0
4587,16117137.0
4588,208940270.0
4589,15454219.0
4590,1261182800.0
4591,55373196.0
4592,9916705.0
4593,-588320.25
4594,15992615.0
4595,571361700.0
4596,412686700.0
4597,15791588.0
4598,197033040.0
4599,18929824.0
4600,3754143.0
4601,40793132.0
4602,23866628.0
4603,13578832.0
4604,38366950.0
4605,278062620.0
4606,144879300.0
4607,31257620.0
4608,-6635483.0
4609,27257956.0
4610,153324430.0
4611,4922919.0
4612,27713754.0
4613,28476376.0
4614,24133366.0
4615,2774619.5
4616,967166.25
4617,68560730.0
4618,8012905.5
4619,8086738.0
4620,12314319.0
4621,425478100.0
4622,23368104.0
4623,9073837.0
4624,5782737.5
4625,27038264.0
4626,-1205680.6
4627,21107066.0
4628,1817218.2
4629,3392299.0
4630,11592899.0
4631,14797251.0
4632,4883458.5
4633,0.0
4634,6273325.5
4635,2827183.0
4636,125027050.0
4637,3712131.0
4638,5148631.0
4639,2145691.8
4640,43735970.0
4641,13073019.0
4642,30294624.0
4643,115945150.0
4644,2242126.0
4645,1470079.1
4646,966920300.0
4647,676499.9
4648,5762824.5
4649,141169740.0
4650,98973700.0
4651,60499948.0
4652,607451140.0
4653,5203359.5
4654,79208720.0
4655,85725470.0
4656,2411318.2
4657,-11699070.0
4658,66908892.0
4659,4130174.8
4660,16923330.0
4661,66814270.0
4662,9153314.0
4663,19432430.0
4664,4046249.0
4665,29721806.0
4666,33745444.0
4667,200268560.0
4668,13571721.0
4669,2749918.2
4670,37336916.0
4671,12820997.0
4672,2541.9023
4673,4321194.5
4674,7875841.5
4675,6209243.5
4676,18985464.0
4677,-4262350.0
4678,7705697.5
4679,8171460.5
4680,7026608.5
4681,33031890.0
4682,12850278.0
4683,12740512.0
4684,38389236.0
4685,39052444.0
4686,3610254.0
4687,15036264.0
4688,116170830.0
4689,81809256.0
4690,16809862.0
4691,19043432.0
4692,22428232.0
4693,6163715.0
4694,8545475.0
4695,39079016.0
4696,86072420.0
4697,80634216.0
4698,103090160.0
4699,19205932.0
4700,148998400.0
4701,200873310.0
4702,19368082.0
4703,72282500.0
4704,132895850.0
4705,68077820.0
4706,88237950.0
4707,14424337.0
4708,38464380.0
4709,2956179.0
4710,256934620.0
4711,27331150.0
4712,2242126.0
4713,435095040.0
4714,12220704.0
4715,5099330.5
4716,6283435.5
4717,11011615.0
4718,11492973.0
4719,117054620.0
4720,4649828.0
4721,-1985239.5
4722,48499870.0
4723,36302868.0
4724,128907390.0
4725,26051840.0
4726,5030265.5
4727,44864010.0
4728,91419144.0
4729,94824510.0
4730,282315.12
4731,25801468.0
4732,412500350.0
4733,967166.25
4734,253014140.0
4735,43980244.0
4736,6903570.5
4737,63276470.0
4738,3048888.0
4739,55851510.0
4740,722797250.0
4741,3540223.0
4742,130032870.0
4743,1529087.1
4744,3540223.0
4745,558079550.0
4746,33473070.0
4747,17868470.0
4748,115869960.0
4749,23774568.0
4750,22034178.0
4751,45369604.0
4752,6446728.5
4753,5520602.5
4754,949524100.0
4755,12724043.0
4756,41948730.0
4757,98791200.0
4758,93987970.0
4759,317299650.0
4760,4045602.5
4761,33280610.0
4762,20855288.0
4763,2827183.0
4764,434471870.0
4765,18847318.0
4766,182166400.0
4767,43732900.0
4768,120003490.0
4769,26492556.0
4770,128638400.0
4771,99168100.0
4772,11839223.0
4773,20504408.0
4774,4147485.2
4775,2797051.0
4776,4606731.0
4777,271114800.0
4778,89051250.0
4779,20664174.0
4780,318633300.0
4781,3540223.0
4782,27849872.0
4783,15226279.0
4784,6251236.5
4785,38028244.0
4786,115157260.0
4787,64928904.0
4788,61105530.0
4789,847595.9
4790,107861000.0
4791,12675011.0
4792,1778923.5
4793,14827308.0
4794,6540609.0
4795,14478639.0
4796,7620741.0
4797,855734460.0
4798,35102764.0
4799,23496278.0
4800,40472724.0
4801,-1809906.6
4802,28975178.0
4803,2389519.5
4804,25591976.0
4805,2827183.0
4806,19643002.0
4807,5334052.0
4808,6439669.0
4809,235994110.0
4810,5192039.5
4811,5192039.5
4812,158251470.0
4813,119433624.0
4814,12168787.0
4815,136239540.0
4816,44698764.0
4817,5094800.0
4818,74849830.0
4819,14364957.0
4820,73254950.0
4821,-5832038.0
4822,12744198.0
4823,5068346.5
4824,45894132.0
4825,232822340.0
4826,37505996.0
4827,71652830.0
4828,18864040.0
4829,13335309.0
4830,40030452.0
4831,44394004.0
4832,13053893.0
4833,31898392.0
4834,-2137379.5
4835,168125540.0
4836,16666386.0
4837,293661060.0
4838,30936280.0
4839,2797051.0
4840,439861380.0
4841,1397072.6
4842,75126310.0
4843,127178740.0
4844,3672237.0
4845,82299600.0
4846,16824872.0
4847,629823300.0
4848,91864220.0
4849,182234400.0
4850,35573624.0
4851,-1522928.9
4852,23548582.0
4853,85151180.0
4854,77156750.0
4855,68121610.0
4856,38434780.0
4857,37411184.0
4858,25519542.0
4859,-5590530.5
4860,243048930.0
4861,75814130.0
4862,288202800.0
4863,154955040.0
4864,78757110.0
4865,25590940.0
4866,8796289.0
4867,83855200.0
4868,6301757.5
4869,9475930.0
4870,18090200.0
4871,49988396.0
4872,13775009.0
4873,4744737.5
4874,94937140.0
4875,19018904.0
4876,42457156.0
4877,56970564.0
4878,5690083.0
4879,23534394.0
4880,32947450.0
4881,-15557166.0
4882,19398380.0
4883,44186244.0
4884,107122260.0
4885,15274307.0
4886,44129090.0
4887,13405545.0
4888,17478426.0
4889,3392299.0
4890,128759060.0
4891,5591834.5
4892,14803304.0
4893,57654070.0
4894,2861092.5
4895,4495841.5
4896,168942670.0
4897,3506272.0
4898,127197060.0
4899,141027020.0
4900,298479360.0
4901,60981776.0
4902,5996149.0
4903,5003660.5
4904,249985540.0
4905,47415540.0
4906,588673.0
4907,852121600.0
4908,24608598.0
4909,96011780.0
4910,40406548.0
4911,14262027.0
4912,89773520.0
4913,12929146.0
4914,80632920.0
4915,65612384.0
4916,24498824.0
4917,4187764.0
4918,267026190.0
4919,38951064.0
4920,68861864.0
4921,114718940.0
4922,26475710.0
4923,14489592.0
4924,77108980.0
4925,109674210.0
4926,2541.9023
4927,17591802.0
4928,6980216.5
4929,4011308.2
4930,13780499.0
4931,19404870.0
4932,3667262.5
4933,86482960.0
4934,5008072.5
4935,622632800.0
4936,6983246.5
4937,2115560.5
4938,5064142.5
4939,3540223.0
4940,8874499.0
4941,41134176.0
4942,10744403.0
4943,117122610.0
4944,81710640.0
4945,1988651.9
4946,10275268.0
4947,2819650.5
4948,3609573.0
4949,37527920.0
4950,64985020.0
4951,55776628.0
4952,13476245.0
4953,152093220.0
4954,21796430.0
4955,14739539.0
4956,4396034.5
4957,51243692.0
4958,16339621.0
4959,52836028.0
4960,6769952.5
4961,167670780.0
4962,11367576.0
4963,47658684.0
4964,16243015.0
4965,21756874.0
4966,12216302.0
4967,23769292.0
4968,18949282.0
4969,967166.25
4970,4258712.0
4971,72700010.0
4972,10535057.0
4973,3311453.8
4974,110675240.0
4975,7646064.5
4976,7026608.5
4977,72554750.0
4978,4890656.5
4979,14274489.0
4980,181073630.0
4981,15080818.0
4982,83194460.0
4983,6313414.5
4984,70124664.0
4985,463376740.0
4986,4917770.5
4987,8362147.0
4988,2145691.8
4989,38674080.0
4990,4544405.5
4991,11492973.0
4992,228262260.0
4993,17848200.0
4994,74699470.0
4995,3164340.0
4996,102085096.0
4997,56747516.0
4998,24351968.0
4999,56205430.0
5000,139129620.0
5001,275996060.0
5002,286155740.0
5003,139678450.0
5004,16990226.0
5005,43845704.0
5006,209524720.0
5007,78345940.0
5008,314501900.0
5009,21384114.0
5010,94039.67
5011,14040430.0
5012,78075920.0
5013,36542844.0
5014,63752140.0
5015,53891400.0
5016,91901340.0
5017,38990416.0
5018,22699854.0
5019,62925460.0
5020,15706725.0
5021,12553122.0
5022,83836456.0
5023,21192522.0
5024,115402460.0
5025,2401254.0
5026,131960904.0
5027,51205440.0
5028,83967700.0
5029,60845700.0
5030,22513308.0
5031,2921214.5
5032,154706350.0
5033,5737862.5
5034,12220704.0
5035,5445581.5
5036,16210183.0
5037,39062460.0
5038,509842980.0
5039,2827183.0
5040,55535160.0
5041,46322970.0
5042,35393492.0
5043,59438630.0
5044,656623100.0
5045,10793599.0
5046,-154498.67
5047,2774619.5
5048,3048888.0
5049,114377640.0
5050,4917770.5
5051,334746720.0
5052,119892290.0
5053,19794336.0
5054,93187150.0
5055,11868199.0
5056,23410944.0
5057,31084980.0
5058,11915911.0
5059,10526329.0
5060,98483410.0
5061,46173944.0
5062,7777189.0
5063,684032.9
5064,91115944.0
5065,12029492.0
5066,152197780.0
5067,37286816.0
5068,16754016.0
5069,114157770.0
5070,48205376.0
5071,102754140.0
5072,63957650.0
5073,6290635.5
5074,2774619.5
5075,4085360.2
5076,52254404.0
5077,188451800.0
5078,10463974.0
5079,13459392.0
5080,92612440.0
5081,122480040.0
5082,16761946.0
5083,-193897.48
5084,16993452.0
5085,8107497.0
5086,20878454.0
5087,4758642.5
5088,-766125.0
5089,5358923.5
5090,10600927.0
5091,13031622.0
5092,65356536.0
5093,58908010.0
5094,98389030.0
5095,98042450.0
5096,45527564.0
5097,2269240.0
5098,3579580.5
5099,3448683.5
5100,4303577.0
5101,1902451.9
5102,16431435.0
5103,-1554476.9
5104,51311940.0
5105,5358923.5
5106,-682309.1
5107,24771932.0
5108,27195512.0
5109,1397072.6
5110,39063170.0
5111,106872696.0
5112,10620805.0
5113,486754.8
5114,28370478.0
5115,5284383.5
5116,15865597.0
5117,143405390.0
5118,45511172.0
5119,6273325.5
5120,2858732.0
5121,78200350.0
5122,34996670.0
5123,42875890.0
5124,16995646.0
5125,23068070.0
5126,17718684.0
5127,55944124.0
5128,4227163.0
5129,4848663.5
5130,60356920.0
5131,35425896.0
5132,34836370.0
5133,90002460.0
5134,120288870.0
5135,286796960.0
5136,15889574.0
5137,96101980.0
5138,14769647.0
5139,146949950.0
5140,159036510.0
5141,52719320.0
5142,126972550.0
5143,233826370.0
5144,66933920.0
5145,17138354.0
5146,2774619.5
5147,4080361.8
5148,115390670.0
5149,6273325.5
5150,380316700.0
5151,471895740.0
5152,108576540.0
5153,12027729.0
5154,37517590.0
5155,6101031.5
5156,741671200.0
5157,5703880.5
5158,137170.12
5159,105676120.0
5160,30342072.0
5161,13215132.0
5162,120414700.0
5163,105466820.0
5164,4130174.8
5165,136204260.0
5166,128241700.0
5167,8416436.0
5168,18115030.0
5169,8245029.0
5170,51630380.0
5171,116521816.0
5172,12275376.0
5173,69351800.0
5174,138851500.0
5175,12054929.0
5176,5848590.0
5177,279440260.0
5178,383077000.0
5179,4385277.0
5180,31451246.0
5181,1776959.9
5182,41179944.0
5183,2242126.0
5184,13027207.0
5185,25903944.0
5186,4893069.0
5187,2145691.8
5188,12922072.0
5189,33961870.0
5190,613022000.0
5191,53518370.0
5192,67488104.0
5193,148232420.0
5194,57445396.0
5195,155901740.0
5196,42033680.0
5197,92144350.0
5198,52570360.0
5199,13377474.0
5200,71796170.0
5201,19627008.0
5202,6273325.5
5203,1648657.5
5204,2827183.0
5205,11750904.0
5206,36324124.0
5207,20102936.0
5208,76921920.0
5209,111641976.0
5210,35865776.0
5211,17413962.0
5212,5521996.5
5213,77485864.0
5214,2145691.8
5215,12401094.0
5216,82754860.0
5217,5728512.5
5218,-3520802.5
5219,35541160.0
5220,52168864.0
5221,4940202.5
5222,3865209.5
5223,229376580.0
5224,2084012.4
5225,1648657.5
5226,61372332.0
5227,12909976.0
5228,30489650.0
5229,205919460.0
5230,28655126.0
5231,50480224.0
5232,2747505.0
5233,7989080.5
5234,78705064.0
5235,16963112.0
5236,214511200.0
5237,132899480.0
5238,64660316.0
5239,45992896.0
5240,126405130.0
5241,27733704.0
5242,46884220.0
5243,33268876.0
5244,84041620.0
5245,3000669.8
5246,67673896.0
5247,65145864.0
5248,684032.9
5249,40978830.0
5250,139614190.0
5251,18234850.0
5252,2827183.0
5253,4893271.5
5254,-1554476.9
5255,115417864.0
5256,59699652.0
5257,4068050.0
5258,4464214.5
5259,108820240.0
5260,8426590.0
5261,50588296.0
5262,16446471.0
5263,68066200.0
5264,4788098.5
5265,11841881.0
5266,58252452.0
5267,37387800.0
5268,9219081.0
5269,84438424.0
5270,64642284.0
5271,32130148.0
5272,84913896.0
5273,7394457.0
5274,27656926.0
5275,24031662.0
5276,15849237.0
5277,2929357.5
5278,47766940.0
5279,13735385.0
5280,14288443.0
5281,17018022.0
5282,35494276.0
5283,10694349.0
5284,20037258.0
5285,105259790.0
5286,7977321.0
5287,14698709.0
5288,7673305.0
5289,206504620.0
5290,129364160.0
5291,609695600.0
5292,116179976.0
5293,153319440.0
5294,14369621.0
5295,528096960.0
5296,12240582.0
5297,108219860.0
5298,67778810.0
5299,3353324.0
5300,18640620.0
5301,23801356.0
5302,97714050.0
5303,29738718.0
5304,10620805.0
5305,1560635.1
5306,75902450.0
5307,244723090.0
5308,35533.047
5309,20109850.0
5310,98520890.0
5311,2774619.5
5312,132941050.0
5313,603731500.0
5314,70240420.0
5315,4412391.5
5316,29698288.0
5317,21588920.0
5318,32504610.0
5319,37687076.0
5320,29116042.0
5321,65640212.0
5322,109641470.0
5323,106696700.0
5324,15178390.0
5325,7019077.0
5326,-3687308.0
5327,87163416.0
5328,9532653.0
5329,12975231.0
5330,290101150.0
5331,17659144.0
5332,7559760.0
5333,47910216.0
5334,21067196.0
5335,2747505.0
5336,12548319.0
5337,9192902.0
5338,35866450.0
5339,34058140.0
5340,29903406.0
5341,140310850.0
5342,222675500.0
5343,61368996.0
5344,72523380.0
5345,30973410.0
5346,121232824.0
5347,3364111.0
5348,36246056.0
5349,19416178.0
5350,527778.94
5351,167802220.0
5352,4039618.0
5353,60342470.0
5354,207000510.0
5355,145082060.0
5356,21123132.0
5357,5445581.5
5358,74577460.0
5359,71795640.0
5360,186626260.0
5361,18032730.0
5362,4917770.5
5363,16373959.0
5364,4917770.5
5365,72117420.0
5366,142727400.0
5367,91525860.0
5368,14072290.0
5369,673282500.0
5370,81863820.0
5371,36924670.0
5372,728555260.0
5373,44240596.0
5374,74838120.0
5375,113425790.0
5376,148323070.0
5377,53718196.0
5378,4922205.5
5379,10486546.0
5380,63867616.0
5381,78145300.0
5382,126111560.0
5383,1523165.0
5384,245301860.0
5385,86547660.0
5386,36757050.0
5387,5745858.5
5388,199754510.0
5389,8626919.0
5390,31861840.0
5391,47092116.0
5392,1021313.4
5393,37262744.0
5394,27074704.0
5395,673350.1
5396,223028260.0
5397,30732128.0
5398,43933320.0
5399,2827183.0
5400,7166886.0
5401,62126252.0
5402,59678910.0
5403,110013990.0
5404,59871.703
5405,42199412.0
5406,2443767.5
5407,242197380.0
5408,637637300.0
5409,98005600.0
5410,-7910862.0
5411,41980220.0
5412,2541.9023
5413,5755626.5
5414,131051760.0
5415,75163350.0
5416,23860618.0
5417,161101260.0
5418,2541.9023
5419,3580117.0
5420,98930180.0
5421,113539890.0
5422,137902500.0
5423,255698020.0
5424,199773890.0
5425,16990226.0
5426,42127700.0
5427,6273325.5
5428,48139660.0
5429,117446670.0
5430,134453730.0
5431,30057692.0
5432,146413580.0
5433,12109005.0
5434,47614616.0
5435,8366712.0
5436,34176670.0
5437,33368586.0
5438,24893110.0
5439,2493711.5
5440,100280000.0
5441,2749918.2
5442,140774610.0
5443,84788296.0
5444,95941510.0
5445,47449136.0
5446,106613736.0
5447,16157743.0
5448,22875090.0
5449,79075304.0
5450,15244093.0
5451,26182404.0
5452,12168787.0
5453,405621860.0
5454,80668200.0
5455,65692964.0
5456,14253647.0
5457,50466890.0
5458,6225686.0
5459,20832680.0
5460,4052832.0
5461,2901067.5
5462,4917770.5
5463,896234240.0
5464,2827183.0
5465,20317484.0
5466,91469500.0
5467,65899588.0
5468,84211320.0
5469,3545671.5
5470,231531970.0
5471,108266930.0
5472,67029464.0
5473,32823756.0
5474,17835280.0
5475,20533740.0
5476,19404870.0
5477,25808690.0
5478,158259520.0
5479,155416180.0
5480,206523860.0
5481,32176284.0
5482,40606144.0
5483,13404824.0
5484,135004290.0
5485,1902451.9
5486,35749932.0
5487,476056700.0
5488,88716584.0
5489,50216260.0
5490,36270990.0
5491,174063600.0
5492,47934550.0
5493,-5627389.5
5494,558540.25
5495,26575002.0
5496,37832252.0
5497,26958022.0
5498,-659682.4
5499,92031720.0
5500,29118250.0
5501,12562077.0
5502,-1301039.6
5503,20239168.0
5504,35388576.0
5505,1613180.0
5506,518951170.0
5507,29485718.0
5508,115281464.0
5509,127440730.0
5510,33203486.0
5511,6962525.5
5512,101291360.0
5513,4510784.5
5514,84824350.0
5515,12991327.0
5516,2151569.8
5517,252684620.0
5518,21627140.0
5519,213171740.0
5520,2145691.8
5521,24908954.0
5522,1460840.9
5523,330482800.0
5524,604027970.0
5525,122330180.0
5526,11190961.0
5527,1560635.1
5528,90592330.0
5529,2858732.0
5530,218269580.0
5531,2620939.0
5532,10376829.0
5533,94783864.0
5534,304318180.0
5535,2990745.5
5536,3164340.0
5537,5091257.0
5538,30280618.0
5539,143823200.0
5540,107126130.0
5541,245123340.0
5542,1438530.4
5543,16946104.0
5544,55021692.0
5545,684032.9
5546,17528584.0
5547,14654666.0
5548,5400198.0
5549,56543060.0
5550,56954800.0
5551,7796971.0
5552,73001300.0
5553,34428144.0
5554,12562077.0
5555,72304990.0
5556,18593772.0
5557,2917441.0
5558,678101600.0
5559,15765940.0
5560,4130174.8
5561,37619210.0
5562,59366708.0
5563,684032.9
5564,2827183.0
5565,17983242.0
5566,14495869.0
5567,49437430.0
5568,45602132.0
5569,73683200.0
5570,36591640.0
5571,98717250.0
5572,2747505.0
5573,117401720.0
5574,39409230.0
5575,216526270.0
5576,62119180.0
5577,36868224.0
5578,13801073.0
5579,1548231.6
5580,15469230.0
5581,12090867.0
5582,22460636.0
5583,49828068.0
5584,34807436.0
5585,31220962.0
5586,15467883.0
5587,28183530.0
5588,218834580.0
5589,90472850.0
5590,6317747.5
5591,13446085.0
5592,6579365.0
5593,18040912.0
5594,4980253.5
5595,37292304.0
5596,130899500.0
5597,14214229.0
5598,22391612.0
5599,13596211.0
5600,6748572.5
5601,41373636.0
5602,90040550.0
5603,2827183.0
5604,22423834.0
5605,228954910.0
5606,82206824.0
5607,24268128.0
5608,74654140.0
5609,13285472.0
5610,28733720.0
5611,52484776.0
5612,628267000.0
5613,10321915.0
5614,63098304.0
5615,55544188.0
5616,18471726.0
5617,277218430.0
5618,66844612.0
5619,51315370.0
5620,12506615.0
5621,36131300.0
5622,46617668.0
5623,23977698.0
5624,660488600.0
5625,5445581.5
5626,1529087.1
5627,84859150.0
5628,42674548.0
5629,311998530.0
5630,4829930.0
5631,70346830.0
5632,65628470.0
5633,22517134.0
5634,13141977.0
5635,65638370.0
5636,12435710.0
5637,-8918271.0
5638,85260510.0
5639,10787625.0
5640,2615491.0
5641,104932160.0
5642,8382294.0
5643,41403172.0
5644,685315100.0
5645,140554260.0
5646,8891727.0
5647,5002685.5
5648,66415170.0
5649,2644947.0
5650,103544900.0
5651,35571736.0
5652,3639184.0
5653,137853120.0
5654,90547060.0
5655,56318020.0
5656,649456060.0
5657,4130174.8
5658,35811570.0
5659,50891610.0
5660,155519600.0
5661,7828300.5
5662,468263780.0
5663,17193542.0
5664,-55456.35
5665,109726150.0
5666,21591236.0
5667,32096964.0
5668,7777189.0
5669,5405506.5
5670,707971600.0
5671,19824754.0
5672,3206461.0
5673,138293550.0
5674,12763951.0
5675,2784462.0
5676,2269240.0
5677,58221656.0
5678,71354720.0
5679,1807091.9
5680,39954640.0
5681,823792600.0
5682,-3062673.5
5683,238635870.0
5684,88513510.0
5685,20649160.0
5686,9507479.0
5687,61596516.0
5688,29772004.0
5689,22768980.0
5690,-2894727.0
5691,112888000.0
5692,473407400.0
5693,52050830.0
5694,83398344.0
5695,6983246.5
5696,32140776.0
5697,684032.9
5698,14120276.0
5699,3551549.0
5700,94963420.0
5701,17431936.0
5702,59383816.0
5703,117973416.0
5704,69218850.0
5705,14405071.0
5706,2929065.5
5707,98574820.0
5708,14351449.0
5709,68216460.0
5710,1262675.4
5711,22139694.0
5712,168625760.0
5713,32078970.0
5714,1843845.6
5715,11242753.0
5716,684032.9
5717,7435504.0
5718,2208175.5
5719,23643808.0
5720,13312537.0
5721,82884184.0
5722,3292128.5
5723,130654060.0
5724,2990745.5
5725,2066015.1
5726,150586450.0
5727,165205200.0
5728,28691060.0
5729,226669820.0
5730,3521919.0
5731,2541.9023
5732,5762824.5
5733,6380232.5
5734,31485930.0
5735,11182675.0
5736,66379212.0
5737,63729360.0
5738,59064696.0
5739,7775736.5
5740,15986631.0
5741,134666660.0
5742,77788264.0
5743,24914792.0
5744,1648657.5
5745,7548657.5
5746,23305690.0
5747,2867077.0
5748,114905530.0
5749,81030430.0
5750,66166910.0
5751,84334950.0
5752,5406182.5
5753,366477920.0
5754,41600336.0
5755,104654850.0
5756,13970223.0
5757,6952415.5
5758,1397072.6
5759,22780226.0
5760,5423047.0
5761,684032.9
5762,228788800.0
5763,114297360.0
5764,11836015.0
5765,68083480.0
5766,56130700.0
5767,22589976.0
5768,108386670.0
5769,506858620.0
5770,12220704.0
5771,47463556.0
5772,32800806.0
5773,291425540.0
5774,65944876.0
5775,53292840.0
5776,22325832.0
5777,151197020.0
5778,97298150.0
5779,141985950.0
5780,2615491.0
5781,100406730.0
5782,61989668.0
5783,116949880.0
5784,12995811.0
5785,109904450.0
5786,32800806.0
5787,156896780.0
5788,136656.53
5789,33645532.0
5790,87404890.0
5791,177828830.0
5792,6952415.5
5793,28434594.0
5794,58521772.0
5795,126983970.0
5796,14919117.0
5797,38524244.0
5798,1556200.6
5799,203490370.0
5800,1903469.9
5801,12711618.0
5802,18111310.0
5803,15367307.0
5804,402637440.0
5805,12994475.0
5806,14724522.0
5807,61182364.0
5808,37182660.0
5809,21459308.0
5810,-619788.6
5811,4883458.5
5812,70050296.0
5813,74638310.0
5814,1548667.9
5815,20832798.0
5816,11362231.0
5817,3448683.5
5818,9280724.0
5819,48900980.0
5820,10528237.0
5821,4015470.5
5822,588673.0
5823,26257662.0
5824,74081470.0
5825,30733902.0
5826,6952415.5
5827,7379924.5
5828,541898430.0
5829,46339256.0
5830,15155594.0
5831,104946536.0
5832,66331890.0
5833,21177004.0
5834,15589240.0
5835,2145691.8
5836,75776630.0
5837,39951816.0
5838,2084012.4
5839,171314990.0
5840,8921004.0
5841,69003310.0
5842,41655104.0
5843,28434594.0
5844,8358033.0
5845,8667684.0
5846,3477618.0
5847,71242420.0
5848,57940190.0
5849,4227163.0
5850,60634664.0
5851,6119223.5
5852,14338850.0
5853,37383624.0
5854,60244320.0
5855,148554620.0
5856,15455686.0
5857,1109954200.0
5858,8534027.0
5859,66804720.0
5860,135195200.0
5861,4608310.0
5862,29438228.0
5863,78801380.0
5864,501673400.0
5865,18653048.0
5866,11950833.0
5867,27560546.0
5868,64848230.0
5869,707297.5
5870,2520131.5
5871,51061756.0
5872,196627340.0
5873,42387930.0
5874,160227.44
5875,45880468.0
5876,73287280.0
5877,4917770.5
5878,85128760.0
5879,12208295.0
5880,81755416.0
5881,164264580.0
5882,307482500.0
5883,6629464.0
5884,38840596.0
5885,129912.99
5886,13636121.0
5887,11046148.0
5888,45331556.0
5889,15426824.0
5890,46199420.0
5891,93960184.0
5892,14839831.0
5893,12562077.0
5894,120709650.0
5895,14165107.0
5896,82506780.0
5897,-1096866.6
5898,39551164.0
5899,6505132.5
5900,9686221.0
5901,715580.9
5902,33812676.0
5903,86448990.0
5904,42579828.0
5905,58939108.0
5906,133906580.0
5907,1125601.1
5908,56677024.0
5909,18996706.0
5910,138141550.0
5911,12765843.0
5912,167783970.0
5913,65469840.0
5914,51640120.0
5915,6232528.0
5916,29609828.0
5917,191231520.0
5918,79966610.0
5919,99427650.0
5920,19284984.0
5921,45169444.0
5922,9756441.0
5923,12606140.0
5924,44345028.0
5925,376253100.0
5926,9645009.0
5927,1397072.6
5928,58630080.0
5929,2642772.5
5930,61821836.0
5931,29952140.0
5932,3154351.0
5933,6407601.5
5934,113887110.0
5935,153708210.0
5936,69957384.0
5937,2541.9023
5938,11182675.0
5939,88945220.0
5940,135634370.0
5941,11739896.0
5942,97446136.0
5943,14705229.0
5944,22280752.0
5945,3002578.0
5946,3327903.5
5947,2858732.0
5948,113339750.0
5949,4158607.5
5950,120749730.0
5951,66333156.0
5952,-2162981.5
5953,63097610.0
5954,22158630.0
5955,19956818.0
5956,111970376.0
5957,62824760.0
5958,86457780.0
5959,11507664.0
5960,26636444.0
5961,11901163.0
5962,6747354.5
5963,33726240.0
5964,83859420.0
5965,45642452.0
5966,38498970.0
5967,392724000.0
5968,75578340.0
5969,51252588.0
5970,14691254.0
5971,-7032165.5
5972,25292832.0
5973,85185190.0
5974,2066015.1
5975,54180880.0
5976,4962189.0
5977,17483822.0
5978,496101860.0
5979,1919120.9
5980,203127680.0
5981,7844615.0
5982,145330240.0
5983,1812220.0
5984,36935652.0
5985,98984480.0
5986,2797051.0
5987,4042688.5
5988,34813856.0
5989,7003674.5
5990,116948820.0
5991,5387812.0
5992,43021150.0
5993,39954910.0
5994,2701690.5
5995,16552139.0
5996,15674747.0
5997,25447814.0
5998,249414220.0
5999,3691818.0
6000,27938672.0
6001,14106707.0
6002,23479366.0
6003,292414850.0
6004,73918230.0
6005,5603696.5
6006,10824133.0
6007,25085196.0
6008,13273262.0
6009,71044850.0
6010,88771230.0
6011,24914792.0
6012,15802810.0
6013,178273680.0
6014,18609028.0
6015,20845486.0
6016,29321080.0
6017,20262774.0
6018,38152540.0
6019,2607277.0
6020,3490001.0
6021,14489592.0
6022,7713202.5
6023,11163002.0
6024,-1554476.9
6025,12726649.0
6026,164854350.0
6027,21145260.0
6028,141498000.0
6029,12740512.0
6030,440103700.0
6031,86980430.0
6032,-1522928.9
6033,75465620.0
6034,4860524.5
6035,299469000.0
6036,3703786.0
6037,3672237.0
6038,2827183.0
6039,1438530.4
6040,58863750.0
6041,293575040.0
6042,2797051.0
6043,126767320.0
6044,8706201.0
6045,44293720.0
6046,14620063.0
6047,12128427.0
6048,24200854.0
6049,6278350.5
6050,19604552.0
6051,5785256.5
6052,55340492.0
6053,2827183.0
6054,10517177.0
6055,4045602.5
6056,32774468.0
6057,2990745.5
6058,40559236.0
6059,101727450.0
6060,63744240.0
6061,79760264.0
6062,15074877.0
6063,105079530.0
6064,13675355.0
6065,307342980.0
6066,33574804.0
6067,97533720.0
6068,2827183.0
6069,181266580.0
6070,202456050.0
6071,7290700.0
6072,71133780.0
6073,27303446.0
6074,2827183.0
6075,14538357.0
6076,41994540.0
6077,9686221.0
6078,125966376.0
6079,415888480.0
6080,4045602.5
6081,6494779.5
6082,2757172.5
6083,95833490.0
6084,28278442.0
6085,23944058.0
6086,2044612.5
6087,55549880.0
6088,5574560.0
6089,23215108.0
6090,252016000.0
6091,3585565.0
6092,3642104.5
6093,7450946.0
6094,114519176.0
6095,199238580.0
6096,12634076.0
6097,18555878.0
6098,25709518.0
6099,28103010.0
6100,31636402.0
6101,158756860.0
6102,86503390.0
6103,59199332.0
6104,5762824.5
6105,42220370.0
6106,1529087.1
6107,1556200.6
6108,37521876.0
6109,24308592.0
6110,98458540.0
6111,8948119.0
6112,-541919.25
6113,16304981.0
6114,65154956.0
6115,131170010.0
6116,3540223.0
6117,21794954.0
6118,81250930.0
6119,71547720.0
6120,67281150.0
6121,9350270.0
6122,81918750.0
6123,6991813.5
6124,2757652.0
6125,15990868.0
6126,28370478.0
6127,15849237.0
6128,181524200.0
6129,25680132.0
6130,441810.5
6131,12804500.0
6132,684032.9
6133,10620805.0
6134,51420416.0
6135,50739692.0
6136,550733440.0
6137,72676170.0
6138,8346911.5
6139,1240553500.0
6140,2905311.2
6141,36083732.0
6142,-9846405.0
6143,35863292.0
6144,16197297.0
6145,21951650.0
6146,31661524.0
6147,61124900.0
6148,12424861.0
6149,85621040.0
6150,142320960.0
6151,9981909.0
6152,937306000.0
6153,5762824.5
6154,1830470.1
6155,138258240.0
6156,3353324.0
6157,23752122.0
6158,151339300.0
6159,54617708.0
6160,39575824.0
6161,15333719.0
6162,38793050.0
6163,3966942.5
6164,3000669.8
6165,40777628.0
6166,28103010.0
6167,73937896.0
6168,18437682.0
6169,64571444.0
6170,1902451.9
6171,7807579.0
6172,7871662.5
6173,7638035.5
6174,60481776.0
6175,23517200.0
6176,78573000.0
6177,76729740.0
6178,6901912.0
6179,197524930.0
6180,50094056.0
6181,20450980.0
6182,638628200.0
6183,19994664.0
6184,645795000.0
6185,38194710.0
6186,13976979.0
6187,5412582.0
6188,47162870.0
6189,33551036.0
6190,74010900.0
6191,6337314.0
6192,43546576.0
6193,42482720.0
6194,1132172.5
6195,4045602.5
6196,40635190.0
6197,22673112.0
6198,107360776.0
6199,822639040.0
6200,4758642.5
6201,7003674.5
6202,138053010.0
6203,745535300.0
6204,10439503.0
6205,1557004.4
6206,45816080.0
6207,62365270.0
6208,50173588.0
6209,2145691.8
6210,2145691.8
6211,47043470.0
6212,6903570.5
6213,116364350.0
6214,27165096.0
6215,18546098.0
6216,12852509.0
6217,-659682.4
6218,22810678.0
6219,27352346.0
6220,-1554476.9
6221,17632562.0
6222,5728512.5
6223,84557560.0
6224,36668256.0
6225,119703544.0
6226,35105290.0
6227,15202213.0
6228,715580.9
6229,2441310.0
6230,21808.99
6231,134869840.0
6232,2647443.5
6233,139734180.0
6234,26842306.0
6235,36026612.0
6236,20733890.0
6237,18443842.0
6238,15593705.0
6239,195332960.0
6240,214303230.0
6241,5717204.5
6242,24790534.0
6243,9834343.0
6244,54753996.0
6245,1556200.6
6246,6991813.5
6247,417536260.0
6248,4893069.0
6249,15273999.0
6250,39299880.0
6251,88758370.0
6252,21930288.0
6253,11810567.0
6254,142167760.0
6255,1560635.1
6256,2592722.5
6257,82838370.0
6258,-2121341.5
6259,5984276.0
6260,9993504.0
6261,123156390.0
6262,12901569.0
6263,70749416.0
6264,43365290.0
6265,8286239.0
6266,2284476.5
6267,124395190.0
6268,2520826.0
6269,212612290.0
6270,122436440.0
6271,245572700.0
6272,7718888.5
6273,20922846.0
6274,402872160.0
6275,36920636.0
6276,10380603.0
6277,149435000.0
6278,1604095.1
6279,22180840.0
6280,62423364.0
6281,5685151.5
6282,402326460.0
6283,29124852.0
6284,83388660.0
6285,166596140.0
6286,4883458.5
6287,12901660.0
6288,85050120.0
6289,174661230.0
6290,3540223.0
6291,108302024.0
6292,123216620.0
6293,603578600.0
6294,40985304.0
6295,172554300.0
6296,2615491.0
6297,29033092.0
6298,454254.44
6299,4940202.5
6300,45564376.0
6301,52697836.0
6302,13061968.0
6303,12458250.0
6304,18411962.0
6305,124809736.0
6306,64603772.0
6307,-704620.6
6308,4887638.5
6309,3364111.0
6310,59711976.0
6311,19703082.0
6312,5445581.5
6313,50300940.0
6314,37837100.0
6315,15889574.0
6316,61292056.0
6317,200296370.0
6318,82434070.0
6319,67429220.0
6320,13354425.0
6321,82192130.0
6322,50080636.0
6323,21992730.0
6324,3153274.5
6325,54171292.0
6326,2157525.0
6327,18473952.0
6328,33880932.0
6329,2636174.5
6330,2084012.4
6331,155457800.0
6332,2520826.0
6333,29666462.0
6334,6991813.5
6335,69659180.0
6336,47339990.0
6337,74182104.0
6338,4227163.0
6339,22511318.0
6340,18342280.0
6341,684032.9
6342,18904898.0
6343,23503464.0
6344,47087412.0
6345,19250698.0
6346,134538270.0
6347,138171460.0
6348,33837590.0
6349,43053960.0
6350,7898776.5
6351,131868890.0
6352,30530834.0
6353,-4704122.5
6354,5445581.5
6355,1556200.6
6356,46742670.0
6357,8852327.0
6358,5848083.0
6359,9645009.0
6360,24036630.0
6361,220789940.0
6362,9004729.0
6363,17495884.0
6364,14023739.0
6365,156435340.0
6366,20254252.0
6367,11145619.0
6368,107925820.0
6369,54506764.0
6370,205484080.0
6371,5745858.5
6372,46384880.0
6373,34005.055
6374,54202480.0
6375,110389480.0
6376,12899909.0
6377,2956922.5
6378,4385277.0
6379,229436100.0
6380,12029492.0
6381,667486500.0
6382,65599730.0
6383,96739320.0
6384,58983908.0
6385,31794084.0
6386,247536420.0
6387,11933110.0
6388,2066015.1
6389,13004727.0
6390,65755556.0
6391,7026608.5
6392,23216404.0
6393,207487230.0
6394,261185580.0
6395,1556200.6
6396,2898626.5
6397,8643125.0
6398,7781227.0
6399,28923034.0
6400,10376475.0
6401,2797051.0
6402,22001686.0
6403,4130174.8
6404,24590946.0
6405,1556200.6
6406,4777430.5
6407,75659050.0
6408,17264492.0
6409,107091280.0
6410,23873906.0
6411,17629240.0
6412,36607308.0
6413,58349484.0
6414,518567400.0
6415,2956179.0
6416,18330630.0
6417,94700020.0
6418,58627836.0
6419,55286624.0
6420,43517944.0
6421,38647000.0
6422,684032.9
6423,14274489.0
6424,63109836.0
6425,31856904.0
6426,-1426816.1
6427,10237327.0
6428,4917770.5
6429,22154278.0
6430,117915450.0
6431,124293496.0
6432,124057576.0
6433,28344432.0
6434,13866281.0
6435,42310270.0
6436,63198148.0
6437,13780499.0
6438,38432384.0
6439,55443964.0
6440,54668596.0
6441,15454219.0
6442,142107310.0
6443,212292180.0
6444,-2231166.0
6445,332133760.0
6446,288429100.0
6447,15923653.0
6448,2827183.0
6449,37856764.0
6450,19063140.0
6451,21678090.0
6452,75632320.0
6453,99046820.0
6454,23986284.0
6455,51285496.0
6456,62842770.0
6457,116941260.0
6458,4331313.0
6459,12418305.0
6460,103007130.0
6461,281694140.0
6462,214014400.0
6463,3540223.0
6464,7715890.5
6465,12773565.0
6466,18837204.0
6467,5089527.0
6468,4788098.5
6469,12713744.0
6470,-682309.1
6471,2819650.5
6472,130071920.0
6473,12874547.0
6474,7875841.5
6475,7297421.5
6476,328709540.0
6477,46909304.0
6478,14638906.0
6479,359573060.0
6480,30425324.0
6481,50766610.0
6482,21808.99
6483,2702637.0
6484,164925020.0
6485,99577990.0
6486,2827183.0
6487,98929720.0
6488,32766488.0
6489,7030788.0
6490,4442971.0
6491,18775474.0
6492,17105412.0
6493,-9625004.0
6494,109124210.0
6495,10014420.0
6496,466483940.0
6497,221913330.0
6498,115920984.0
6499,19525346.0
6500,6475864.5
6501,3657506.0
6502,119542550.0
6503,22958634.0
6504,5646101.5
6505,21078940.0
6506,7490526.5
6507,59125332.0
6508,235036050.0
6509,6846720.5
6510,1682293.5
6511,120464170.0
6512,5986534.5
6513,5091257.0
6514,10975049.0
6515,287021300.0
6516,41933990.0
6517,6801010.5
6518,19281506.0
6519,113746740.0
6520,19874274.0
6521,209279860.0
6522,41963868.0
6523,85696620.0
6524,19625092.0
6525,113219350.0
6526,355055100.0
6527,13054435.0
6528,5466225.5
6529,9746135.0
6530,86345896.0
6531,10706499.0
6532,18421234.0
6533,588673.0
6534,334434400.0
6535,20044790.0
6536,67348240.0
6537,63347596.0
6538,47235590.0
6539,346850530.0
6540,136804530.0
6541,89409976.0
6542,104239310.0
6543,684032.9
6544,15819123.0
6545,23148708.0
6546,657236540.0
6547,11539404.0
6548,62632572.0
6549,166756140.0
6550,32723064.0
6551,70539064.0
6552,19414464.0
6553,7030788.0
6554,25114804.0
6555,24351656.0
6556,31085428.0
6557,11592899.0
6558,67573770.0
6559,38335816.0
6560,274638430.0
6561,2819650.5
6562,228155070.0
6563,46021828.0
6564,23897660.0
6565,17618784.0
6566,42637050.0
6567,6792978.5
6568,25809938.0
6569,2797051.0
6570,69844664.0
6571,9795785.0
6572,2827183.0
6573,33085702.0
6574,41013350.0
6575,2757652.0
6576,48670930.0
6577,22135378.0
6578,116578950.0
6579,7775736.5
6580,3761927.5
6581,43572624.0
6582,-1499422.5
6583,3358127.0
6584,6991813.5
6585,63583536.0
6586,67871280.0
6587,22363220.0
6588,435126.7
6589,45121700.0
6590,167655520.0
6591,24510850.0
6592,177410690.0
6593,126887560.0
6594,74316060.0
6595,847595.9
6596,143955310.0
6597,3699351.5
6598,43353628.0
6599,9033887.0
6600,4054214.2
6601,85456650.0
6602,566725900.0
6603,46817308.0
6604,15407777.0
6605,104713370.0
6606,11763873.0
6607,65172584.0
6608,132072630.0
6609,16020045.0
6610,18058110.0
6611,9521673.0
6612,873959000.0
6613,68273930.0
6614,147830060.0
6615,6096772.0
6616,138039680.0
6617,81110776.0
6618,41225936.0
6619,10852464.0
6620,15794216.0
6621,46541332.0
6622,73998450.0
6623,208675790.0
6624,222643580.0
6625,147493340.0
6626,22339372.0
6627,112268660.0
6628,630666.75
6629,19772050.0
6630,10849203.0
6631,4840097.5
6632,4342077.0
6633,4809263.5
6634,18986402.0
6635,3221033.0
6636,180463700.0
6637,63198160.0
6638,4130174.8
6639,26045992.0
6640,25047208.0
6641,123658750.0
6642,253188450.0
6643,3487659.0
6644,1430708.1
6645,57655736.0
6646,36347250.0
6647,5530154.5
6648,44756870.0
6649,4010868.0
6650,4893069.0
6651,28357002.0
6652,4258712.0
6653,106794840.0
6654,107219770.0
6655,107123176.0
6656,17618926.0
6657,105671620.0
6658,11530651.0
6659,29794244.0
6660,3250253.5
6661,3233866.0
6662,22801054.0
6663,454647460.0
6664,4917770.5
6665,5192039.5
6666,26196084.0
6667,244958180.0
6668,80523310.0
6669,23756608.0
6670,19132978.0
6671,30290792.0
6672,30173972.0
6673,127767210.0
6674,694881400.0
6675,65146880.0
6676,2679259.5
6677,2827183.0
6678,5762824.5
6679,471312860.0
6680,46037780.0
6681,647560300.0
6682,22467558.0
6683,69116560.0
6684,684032.9
6685,12809117.0
6686,77196110.0
6687,82170376.0
6688,14594224.0
6689,57360344.0
6690,330064600.0
6691,6273325.5
6692,331204200.0
6693,57060064.0
6694,86306460.0
6695,27659176.0
6696,118536070.0
6697,9415025.0
6698,20534492.0
6699,214837870.0
6700,197964560.0
6701,39725916.0
6702,29084674.0
6703,8352396.0
6704,14993429.0
6705,16436841.0
6706,43652880.0
6707,42817820.0
6708,14487869.0
6709,4758642.5
6710,87756410.0
6711,21935172.0
6712,147081630.0
6713,5685151.5
6714,3669219.5
6715,4864568.5
6716,49168788.0
6717,271493020.0
6718,27715888.0
6719,24249834.0
6720,5530154.5
6721,70340950.0
6722,64676444.0
6723,87643360.0
6724,45176624.0
6725,4758642.5
6726,73873464.0
6727,60020480.0
6728,29341154.0
6729,9033887.0
6730,48166870.0
6731,1397072.6
6732,12168787.0
6733,189150080.0
6734,79062000.0
6735,96723320.0
6736,12300801.0
6737,3506272.0
6738,9117198.0
6739,-10225848.0
6740,4764090.5
6741,12416916.0
6742,112646170.0
6743,78438030.0
6744,46328080.0
6745,11057669.0
6746,70724856.0
6747,15699597.0
6748,2242126.0
6749,35042188.0
6750,2615491.0
6751,11166507.0
6752,103252840.0
6753,12329847.0
6754,99798560.0
6755,-964853.0
6756,147988530.0
6757,42215616.0
6758,3761834.5
6759,230298610.0
6760,15265378.0
6761,15380148.0
6762,4174599.0
6763,18396130.0
6764,3460545.0
6765,91057704.0
6766,967166.25
6767,19125846.0
6768,138823300.0
6769,18124812.0
6770,18372068.0
6771,12670439.0
6772,16839236.0
6773,16505448.0
6774,230211820.0
6775,405979940.0
6776,4174599.0
6777,33544320.0
6778,86920420.0
6779,83026410.0
6780,106847544.0
6781,3840378.5
6782,104982800.0
6783,24108882.0
6784,6273325.5
6785,79841370.0
6786,10950368.0
6787,15801813.0
6788,5852262.5
6789,1460840.9
6790,1704800.0
6791,109461550.0
6792,368084480.0
6793,72420010.0
6794,15327735.0
6795,5192039.5
6796,761458800.0
6797,6230340.5
6798,34045440.0
6799,3365880.0
6800,73933496.0
6801,205038130.0
6802,12373760.0
6803,140745470.0
6804,4227163.0
6805,797655.25
6806,19392938.0
6807,54027588.0
6808,4758642.5
6809,43394144.0
6810,65198280.0
6811,121967730.0
6812,14548137.0
6813,131094180.0
6814,4749539.0
6815,522409.56
6816,7855416.0
6817,588673.0
6818,0.0
6819,51346284.0
6820,58618588.0
6821,17027766.0
6822,31871674.0
6823,59151236.0
6824,293077760.0
6825,39381520.0
6826,37552996.0
6827,9322658.0
6828,3761677.0
6829,5598722.0
6830,14166122.0
6831,99248570.0
6832,47857710.0
6833,40788250.0
6834,7855416.0
6835,120205250.0
6836,21017404.0
6837,123658184.0
6838,12054843.0
6839,22889368.0
6840,43971930.0
6841,17781488.0
6842,67392070.0
6843,8200989.0
6844,137169810.0
6845,136202560.0
6846,124509030.0
6847,5530154.5
6848,26943966.0
6849,18372068.0
6850,85240344.0
6851,91411384.0
6852,5094800.0
6853,6916979.5
6854,49627324.0
6855,36958940.0
6856,2797051.0
6857,74004140.0
6858,-5073968.5
6859,49494976.0
6860,4528458.5
6861,38662228.0
6862,33810404.0
6863,217254660.0
6864,7810779.0
6865,769092.75
6866,89581200.0
6867,36913136.0
6868,955370560.0
6869,32458352.0
6870,8788987.0
6871,117545800.0
6872,3540223.0
6873,34644504.0
6874,174215420.0
6875,2493711.5
6876,20886104.0
6877,13644827.0
6878,23633530.0
6879,1911062.8
6880,5334200.5
6881,4764090.5
6882,83072070.0
6883,127268040.0
6884,25933440.0
6885,4809263.5
6886,7898776.5
6887,12773565.0
6888,102717730.0
6889,4976776.5
6890,18269790.0
6891,33309686.0
6892,158036670.0
6893,185637020.0
6894,37517590.0
6895,1560635.1
6896,19742260.0
6897,5551689.5
6898,25074180.0
6899,-13008548.0
6900,69050480.0
6901,39159620.0
6902,26755214.0
6903,37880430.0
6904,148372910.0
6905,59696900.0
6906,106288850.0
6907,18272714.0
6908,17627922.0
6909,3642104.5
6910,6890733.5
6911,14025416.0
6912,11866828.0
6913,265091300.0
6914,612028860.0
6915,172096270.0
6916,14165107.0
6917,836424100.0
6918,70314730.0
6919,5591834.5
6920,85120430.0
6921,371410300.0
6922,28322260.0
6923,4890656.5
6924,2827183.0
6925,6993732.5
6926,17107998.0
6927,1306516.4
6928,33359184.0
6929,53391730.0
6930,164569470.0
6931,18906750.0
6932,8177168.0
6933,3664704.0
6934,145643980.0
6935,2929065.5
6936,16990226.0
6937,125527880.0
6938,27884326.0
6939,13976768.0
6940,153174530.0
6941,67120340.0
6942,54425924.0
6943,6158620.5
6944,134265300.0
6945,34019572.0
6946,72983130.0
6947,21009416.0
6948,24341500.0
6949,46915390.0
6950,225202240.0
6951,3672237.0
6952,18847318.0
6953,17801970.0
6954,12130475.0
6955,51252588.0
6956,3446640.0
6957,7871662.5
6958,-589852.6
6959,-621619.4
6960,36106104.0
6961,35384770.0
6962,204978670.0
6963,12912352.0
6964,35272960.0
6965,3120412.5
6966,89441624.0
6967,201494370.0
6968,5059931.5
6969,-835989.75
6970,19647642.0
6971,109335510.0
6972,2084012.4
6973,28912744.0
6974,107462600.0
6975,16239835.0
6976,26788618.0
6977,-597385.75
6978,18529556.0
6979,57388480.0
6980,22775342.0
6981,6188076.5
6982,55903664.0
6983,1325406.1
6984,92873760.0
6985,321578940.0
6986,19978432.0
6987,2615491.0
6988,32015792.0
6989,2333334.0
6990,159825680.0
6991,4045602.5
6992,13065655.0
6993,17801886.0
6994,21767210.0
6995,9276011.0
6996,74237370.0
6997,2541.9023
6998,22599074.0
6999,90116616.0
7000,4209164.5
7001,1495464.9
7002,16863406.0
7003,23428978.0
7004,34913570.0
7005,41500270.0
7006,-2089793.2
7007,15378605.0
7008,75928720.0
7009,14901885.0
7010,12006467.0
7011,3973619.5
7012,9298758.0
7013,7026608.5
7014,4174599.0
7015,256897090.0
7016,289172400.0
7017,3769321.2
7018,18452792.0
7019,77944184.0
7020,59928012.0
7021,14970279.0
7022,63966424.0
7023,124858090.0
7024,40389510.0
7025,7563536.0
7026,154744740.0
7027,91907976.0
7028,4917094.5
7029,63741052.0
7030,95185940.0
7031,68717576.0
7032,24904354.0
7033,3691818.0
7034,31529826.0
7035,14498707.0
7036,15159947.0
7037,7182875.0
7038,7030892.5
7039,72028136.0
7040,13512940.0
7041,47423412.0
7042,95202024.0
7043,5755626.5
7044,29152346.0
7045,2640459.0
7046,100128350.0
7047,214602620.0
7048,15647365.0
7049,62394428.0
7050,1648657.5
7051,21745092.0
7052,64684336.0
7053,7633905.5
7054,79741230.0
7055,87209060.0
7056,251719440.0
7057,18082668.0
7058,6176702.5
7059,29829548.0
7060,8131769.0
7061,31721546.0
7062,71381220.0
7063,2084012.4
7064,139023540.0
7065,40007520.0
7066,3048888.0
7067,1632780.1
7068,59721944.0
7069,2102971.5
7070,235562300.0
7071,265382540.0
7072,2990745.5
7073,27545412.0
7074,2889666.0
7075,40470224.0
7076,74251740.0
7077,35251212.0
7078,82320920.0
7079,3302430.5
7080,5400198.0
7081,15007903.0
7082,7776666.5
7083,588673.0
7084,47679736.0
7085,10640839.0
7086,25662702.0
7087,122557210.0
7088,75773290.0
7089,4187764.0
7090,4005527.5
7091,17662288.0
7092,199857170.0
7093,42836856.0
7094,38932316.0
7095,-1636420.4
7096,18835470.0
7097,256160800.0
7098,54147216.0
7099,131244584.0
7100,12106490.0
7101,23995458.0
7102,1902451.9
7103,37103908.0
7104,18309390.0
7105,49654370.0
7106,26150506.0
7107,43522290.0
7108,18930078.0
7109,41905700.0
7110,1397072.6
7111,5668195.0
7112,186025860.0
7113,104924216.0
7114,9741965.0
7115,18676472.0
7116,13193615.0
7117,11883442.0
7118,18865646.0
7119,90897670.0
7120,1648657.5
7121,21730142.0
7122,1641125.0
7123,8075948.0
7124,587514940.0
7125,38434916.0
7126,287862720.0
7127,66408230.0
7128,-312851.34
7129,10373427.0
7130,18436452.0
7131,26129388.0
7132,28776594.0
7133,113140010.0
7134,58614144.0
7135,116613250.0
7136,42573560.0
7137,20317484.0
7138,15695468.0
7139,2827183.0
7140,112692430.0
7141,593476.1
7142,25369362.0
7143,40442510.0
7144,3552661.5
7145,34569760.0
7146,1529087.1
7147,111255640.0
7148,77772776.0
7149,25716442.0
7150,7003674.5
7151,-15746657.0
7152,83262110.0
7153,12155091.0
7154,36108908.0
7155,262450300.0
7156,19293186.0
7157,162417230.0
7158,8277005.0
7159,2916780.5
7160,11631859.0
7161,57365604.0
7162,369588130.0
7163,10539857.0
7164,7026608.5
7165,174384130.0
7166,12151402.0
7167,2541.9023
7168,7095698.0
7169,8426590.0
7170,60472480.0
7171,27973026.0
7172,7708562.0
7173,23138024.0
7174,1364196.1
7175,4758642.5
7176,26242538.0
7177,86300824.0
7178,80233730.0
7179,131321224.0
7180,6317747.5
7181,10297602.0
7182,61127052.0
7183,9325919.0
7184,1274790800.0
7185,8303548.0
7186,33554964.0
7187,59296076.0
7188,49064764.0
7189,42533644.0
7190,3496382.0
7191,2520826.0
7192,28768574.0
7193,75422424.0
7194,651617400.0
7195,16436127.0
7196,16512841.0
7197,10424575.0
7198,8155854.0
7199,12562077.0
7200,106425960.0
7201,12168787.0
7202,21218660.0
7203,2145691.8
7204,81510380.0
7205,170933200.0
7206,113262430.0
7207,380399260.0
7208,26133212.0
7209,7145835.5
7210,684032.9
7211,2066015.1
7212,85970880.0
7213,59637140.0
7214,392227700.0
7215,84961040.0
7216,116880590.0
7217,-721362.6
7218,21067006.0
7219,64297436.0
7220,54704252.0
7221,10746654.0
7222,165601100.0
7223,4890656.5
7224,12488323.0
7225,4980095.0
7226,51835020.0
7227,105937120.0
7228,26665440.0
7229,16986622.0
7230,8075948.0
7231,14691466.0
7232,274880220.0
7233,125042160.0
7234,323310900.0
7235,30656618.0
7236,104274320.0
7237,13866281.0
7238,4045602.5
7239,1042157760.0
7240,39049830.0
7241,166051950.0
7242,102753016.0
7243,29321186.0
7244,27107964.0
7245,1902451.9
7246,7079078.5
7247,101112060.0
7248,82503110.0
7249,15152638.0
7250,2827183.0
7251,31113122.0
7252,15523725.0
7253,16921944.0
7254,63243144.0
7255,14091890.0
7256,24606466.0
7257,24589984.0
7258,55221850.0
7259,9366586.0
7260,1127369.0
7261,562793540.0
7262,2145691.8
7263,64289884.0
7264,7847884.0
7265,14107617.0
7266,63664384.0
7267,-2121341.5
7268,11311671.0
7269,250850940.0
7270,248294880.0
7271,8588658.0
7272,22761996.0
7273,6904589.5
7274,8349789.5
7275,13946800.0
7276,4758642.5
7277,127372120.0
7278,237448720.0
7279,210612110.0
7280,82421880.0
7281,47920416.0
7282,59791380.0
7283,209231250.0
7284,2827183.0
7285,53461828.0
7286,283893380.0
7287,9684628.0
7288,53494316.0
7289,202410750.0
7290,21185556.0
7291,54455810.0
7292,3703786.0
7293,16749878.0
7294,9442728.0
7295,39343680.0
7296,684032.9
7297,105607030.0
7298,4567333.0
7299,17622750.0
7300,3029692.0
7301,43474796.0
7302,7026608.5
7303,4258712.0
7304,22798046.0
7305,-4695812.0
7306,471986430.0
7307,6823245.0
7308,3415677.0
7309,14436453.0
7310,-2328804.2
7311,15023555.0
7312,131459820.0
7313,213523800.0
7314,1652134.5
7315,3976071.5
7316,5574560.0
7317,5574560.0
7318,116215040.0
7319,12490183.0
7320,116314980.0
7321,684032.9
7322,4303577.0
7323,45048284.0
7324,10530245.0
7325,317257300.0
7326,296313860.0
7327,5594593.0
7328,58260830.0
7329,121149784.0
7330,339931300.0
7331,73391820.0
7332,31239564.0
7333,76861140.0
7334,218082080.0
7335,91228240.0
7336,26706404.0
7337,11319709.0
7338,49395504.0
7339,61112370.0
7340,5530154.5
7341,2541.9023
7342,90672770.0
7343,1529087.1
7344,4077152.2
7345,11716661.0
7346,17237516.0
7347,9769173.0
7348,3431409.2
7349,21907428.0
7350,22682092.0
7351,49050910.0
7352,2827183.0
7353,5793981.5
7354,715580.9
7355,95991304.0
7356,39505864.0
7357,7673305.0
7358,20693518.0
7359,67628030.0
7360,28546922.0
7361,2541.9023
7362,161684530.0
7363,964630800.0
7364,2990745.5
7365,62862764.0
7366,29461868.0
7367,12141919.0
7368,6615955.0
7369,28944172.0
7370,45865504.0
7371,10918818.0
7372,101703260.0
7373,441617900.0
7374,15756781.0
7375,59662580.0
7376,1708129.9
7377,32501988.0
7378,78166790.0
7379,83804660.0
7380,15146661.0
7381,33667500.0
7382,6144814.5
7383,715580.9
7384,44331150.0
7385,45083828.0
7386,27705000.0
7387,13054435.0
7388,11880587.0
7389,-943636.75
7390,1422815.8
7391,8201667.5
7392,11465859.0
7393,594331000.0
7394,99701650.0
7395,50927388.0
7396,43692176.0
7397,73396870.0
7398,3537598.2
